time,GWETTOP,IMERG_PRECTOT,RH2M,T2M,WS2M,SPI1,SPI3,SPI6,SPI12
01-01-2010,0.49,0.55,64.16,23.09,2.46,1.469421686,1.364914344,1.871921676,2.411245163
01-02-2010,0.25,0.09,39.36,27.24,2.48,-0.752728794,1.267602495,1.76928411,2.436443702
01-03-2010,0.16,0.03,30.13,30.35,2.49,-0.800217202,0.68636685,0.694143816,2.199132117
01-04-2010,0.34,1.58,43.73,31.38,2.4,-0.124641157,2.851214773,1.29977766,2.213032947
01-05-2010,0.45,2.88,54.1,31.05,3.62,-1.40489022,-1.772085651,-1.000527379,1.584218542
01-06-2010,0.61,2.48,68.44,27.69,4.71,0.414765828,-0.657803164,-0.530641869,1.870360976
01-07-2010,0.71,5.62,76.6,25.37,5.09,1.343817826,0.697744679,0.416251972,1.870135133
01-08-2010,0.75,5.2,79.87,25.4,4.13,1.162427194,1.586094314,0.989382563,1.857325354
01-09-2010,0.75,2.81,81.23,24.96,3.08,0.067327733,1.137133034,0.744176281,0.965052495
01-10-2010,0.69,2.19,78.42,25.17,2.28,-0.756625869,0.146785983,0.406555581,0.751488033
01-11-2010,0.77,3.49,84.28,23.37,2.27,1.847808022,0.330228006,1.123382787,0.830526336
01-12-2010,0.64,0.11,72.77,21.46,2.33,0.492769795,0.36055721,1.050399849,0.842461137
01-01-2011,0.42,0,57.72,22.47,2.56,0.102855722,1.262462674,0.714928228,0.788867862
01-02-2011,0.24,0.07,44.88,25.22,2.64,-0.325393568,0.267748477,0.320028752,0.800429051
01-03-2011,0.17,0.01,30.37,29.4,2.49,-0.743571068,-0.525291768,0.138697007,0.767186847
01-04-2011,0.35,1.62,45.66,29.92,2.25,1.428901421,6.901450026,1.586960188,1.004986734
01-05-2011,0.43,2.49,51.27,30.85,3.5,0.031059946,0.558919479,0.33327835,1.158976546
01-06-2011,0.57,1.97,66.93,27.25,6.07,-0.552553403,0.030736898,-0.235775951,0.978051111
01-07-2011,0.56,3.56,68.85,26.32,6.06,0.945184441,0.244805059,0.421963368,0.708044655
01-08-2011,0.64,3.91,73.62,25.83,5.05,1.644720482,1.363471745,1.443201978,0.971157968
01-09-2011,0.56,0.63,68.11,26.7,4.06,-1.573576941,0.73626757,0.561272549,0.552629571
01-10-2011,0.59,2.58,70.26,26.27,2.13,-0.244568847,0.172109803,0.149450635,0.707946528
01-11-2011,0.43,0.12,63.15,24.46,3.05,-0.041841348,-1.69438241,0.135686443,0.095714538
01-12-2011,0.31,0.06,57.3,23.43,2.7,0.208638127,-0.689763,0.418956263,0.083078157
01-01-2012,0.21,0.02,46.54,23.75,2.4,0.188866432,-0.297142646,0.110535461,0.131078396
01-02-2012,0.16,0,35.59,26.48,2.55,-1.130977608,-0.006566283,-1.731201108,0.123210011
01-03-2012,0.13,0.04,29.51,29.53,2.45,-0.800217202,-0.608151368,-0.848077331,0.138735316
01-04-2012,0.42,2.26,46.5,30.67,2.11,0.946642455,5.51363391,0.000560526,0.029498153
01-05-2012,0.52,1.46,53.18,30.4,3.95,-0.795030798,-0.239829132,-0.561778105,0.037089869
01-06-2012,0.43,0.56,60.19,28.08,6.05,-0.418826428,-0.630659452,-0.860028967,-0.100765518
01-07-2012,0.53,3.34,68.75,26.64,5.76,0.112641689,-0.683777935,-0.675987271,-0.363941243
01-08-2012,0.61,3.69,71.34,26.07,5.23,-0.286362101,-0.623208181,-0.804029734,-1.42980061
01-09-2012,0.63,3.43,71.29,26.27,3.62,-0.155727178,-0.428921517,-0.739373923,-1.087691606
01-10-2012,0.61,1.86,69.15,25.21,2.65,-0.621438464,-0.836035661,-1.135920061,-1.23684996
01-11-2012,0.62,0.8,69.08,23.52,2.15,0.780185995,-0.424104159,-0.84425197,-1.099052143
01-12-2012,0.36,0.01,59.74,24.04,2.77,0.404060111,-0.554096779,-0.549662141,-1.082701469
01-01-2013,0.22,0,48.28,24.21,2.58,-1.130977608,0.345618987,-0.658224679,-1.112131996
01-02-2013,0.26,0.17,44.58,25.93,2.94,0.417387457,0.48095808,-0.389029747,-1.075536478
01-03-2013,0.21,0.05,33.45,29.89,2.52,-0.547397697,-0.073459822,-0.653915541,-1.014883155
01-04-2013,0.25,0.73,36.97,32.1,2.26,-0.262172364,3.625073346,0.225464335,-1.1701767
01-05-2013,0.58,3.87,61.81,29.26,3.93,-0.567927544,-0.844915001,-0.94006446,-1.134240141
01-06-2013,0.68,1.78,74.42,26.04,5.9,-0.066466479,-0.781267592,-0.908713993,-1.037602867
01-07-2013,0.64,3.02,74.19,25.49,6.5,1.713344906,1.066851108,0.864792974,-0.036445618
01-08-2013,0.6,1.79,70.84,26.31,4.67,-0.522468048,0.746227771,0.311580821,-0.088593361
01-09-2013,0.74,6.76,80.32,25,2.99,1.310391856,1.440884436,1.060151936,0.628984378
01-10-2013,0.66,1.79,76.92,24.98,2.63,-0.030181157,0.564544019,1.013775642,0.827790264
01-11-2013,0.56,0.06,68.45,23.79,2.35,-0.733325268,0.724683932,0.925895807,0.604439068
01-12-2013,0.29,0,54.85,22.49,2.67,-1.163124375,-0.729383575,0.956501085,0.564049116
01-01-2014,0.21,0,54.59,23.65,3.15,-0.752728784,-1.525262357,0.340075391,0.632551808
01-02-2014,0.17,0.07,42.31,25.72,2.37,-0.254449906,-1.038625714,0.649785265,0.599237004
01-03-2014,0.35,0.66,38.87,28.29,2.66,0.239796851,0.38238658,-0.70309307,0.663478129
01-04-2014,0.35,0.85,36.4,31.65,1.96,0.294845518,5.358781316,-0.844369511,0.710233853
01-05-2014,0.55,2.9,58.29,29.77,3.07,1.098480825,0.860476713,0.513771764,1.037875172
01-06-2014,0.56,1.53,65.93,28.43,4.96,-1.032516648,-0.07994765,-0.143737948,0.873608622
01-07-2014,0.56,2.85,69.01,26.73,6.43,0.49267075,0.156902395,0.111909435,0.238714178
01-08-2014,0.58,4.69,72.55,26.22,4.62,0.94916291,0.252477945,0.556319467,0.710216335
01-09-2014,0.68,3.18,77.22,25.48,3.45,-0.6177904,0.227611917,0.021022743,-0.300775685
01-10-2014,0.68,3.68,73.46,24.88,2.01,0.1653735,0.101730882,0.037617539,-0.259075243
01-11-2014,0.64,0.5,68.87,22.8,2.21,0.884188673,-0.122254198,-0.009345905,0.017519098
01-12-2014,0.51,0.45,65.93,22.32,2.42,1.546895895,0.46483646,0.466530684,0.177622747
01-01-2015,0.26,0,50.82,22.58,2.45,1.071842814,0.865444624,0.475169613,0.318570907
01-02-2015,0.18,0.02,38.54,24.76,2.59,-0.752728794,1.649091803,0.125141161,0.310815483
01-03-2015,0.29,0.52,39,28.62,2.62,-0.188650596,0.492017758,0.410300128,0.251508331
01-04-2015,0.43,2.47,49.16,29.72,2.32,2.083829289,8.209536152,1.554392464,0.648920249
01-05-2015,0.44,2.73,53.52,30.49,3.43,0.739791068,1.372475271,1.583774262,0.640282564
01-06-2015,0.6,2.4,68.08,27.29,5.42,-0.034234115,1.186431081,1.061868685,0.738968207
01-07-2015,0.49,1.31,65.42,27.62,6.04,-1.306570695,-0.595876595,-0.002710921,0.301392371
01-08-2015,0.53,3.33,68.68,27.11,4.54,0.398461563,-0.651551472,0.086991345,0.069146727
01-09-2015,0.7,6.03,76.64,25.71,2.68,-0.471003807,-0.784541206,-0.217945063,0.020793451
01-10-2015,0.65,1.72,69.74,25.65,1.94,-0.439403806,-0.544875604,-0.89032666,-0.264981924
01-11-2015,0.58,1.02,72.84,24.22,2.8,1.588468563,0.005678016,-0.552524627,0.004118182
01-12-2015,0.34,0,61.58,24.03,2.64,-0.419374812,0.237147556,-0.386083883,-0.138684541
01-01-2016,0.26,0.06,54.13,23.67,2.47,1.016457876,1.099114621,0.127410664,-0.112138896
01-02-2016,0.2,0,40.4,27.79,2.44,-0.740656054,0.53446668,0.03302796,-0.115438493
01-03-2016,0.15,0.02,31.01,30.7,2.26,-1.300153433,0.259392874,0.141805457,-0.111743533
01-04-2016,0.16,0.01,31.13,33.97,2.13,-1.848596289,-6.98573593,0.871893478,-0.649236238
01-05-2016,0.42,2.51,49.56,31.69,3.59,0.363849742,-0.27878511,-0.435909769,-0.632347511
01-06-2016,0.67,4.1,73.08,26.34,4.55,1.190100111,0.779713005,0.612612629,-0.298997629
01-07-2016,0.66,3.91,74.19,26.03,5.06,1.596439561,1.887226228,1.587459147,0.770800958
01-08-2016,0.63,1.92,71.46,26.4,4.9,-1.130061775,1.110554448,0.830419327,0.459280456
01-09-2016,0.65,2.79,73.84,25.46,3.78,0.577863145,0.772640416,0.91506637,0.846431102
01-10-2016,0.54,0.37,62.09,25.24,2.41,-2.500112801,-1.317574226,0.202305993,0.332252727
01-11-2016,0.28,0.01,45.6,24.67,2.13,-0.795121898,-1.342810483,0.038496593,-0.248729669
01-12-2016,0.34,0.41,50.09,23.02,2.28,1.391622346,-2.425602716,-0.109799587,-0.116873085
01-01-2017,0.21,0.02,46.81,23.26,2.3,0.014420501,-0.20658178,-2.184171374,-0.158028802
01-02-2017,0.17,0,33.68,25.44,2.41,-1.130977608,1.007551238,-1.067034979,-0.162180403
01-03-2017,0.28,0.51,34.37,28.89,2.03,-0.467933454,-0.608151368,-2.418365745,-0.123212459
01-04-2017,0.21,0.25,31.88,33.02,2.31,-0.143212379,2.959994785,-0.818406939,-0.049479156
01-05-2017,0.33,0.7,45.24,32.23,3.36,-0.379090324,-0.601746841,-0.507015049,-0.044927607
01-06-2017,0.59,3.53,67.6,27.39,5.17,0.932468804,0.303528768,0.013875045,-0.324907662
01-07-2017,0.6,1.85,70.15,26.62,5.52,-1.266667025,-0.412461834,-0.691672322,-1.553051532
01-08-2017,0.6,3.99,71.13,26.6,3.98,0.344019191,-0.166034826,-0.497013901,-0.966483763
01-09-2017,0.71,6.8,78.25,25.72,2.34,1.375245574,0.57794044,0.511156186,-0.503266256
01-10-2017,0.79,5.51,82.63,24.21,1.73,1.562604326,1.713680267,1.350545841,0.954586591
01-11-2017,0.65,0.01,73,23.23,1.91,-0.896654244,1.507171196,1.161088568,0.991872246
01-12-2017,0.45,0.01,61.97,22.39,2.32,-6.389120947,1.060809449,0.921942978,0.857279051
01-01-2018,0.25,0,45.53,23.17,1.95,-1.130977608,-7.326776375,1.269462757,0.92960607
01-02-2018,0.18,0.04,34.99,25.3,2.37,-0.136712505,-0.949064202,1.443383227,0.949252066
01-03-2018,0.24,0.45,33.46,28.92,2.34,0.891759785,1.444659779,1.30808051,1.188768657
01-04-2018,0.28,0.7,34.57,32.48,2.23,-0.256928417,7.315946573,0.097219063,1.163291435
01-05-2018,0.41,2.93,51.73,31.08,2.96,1.406307826,1.373272119,1.118054244,1.406752652
01-06-2018,0.62,2.51,71.6,26.49,5.27,1.575141031,1.905931491,2.126703407,1.852007691
01-07-2018,0.47,1.3,67.32,26.88,6.45,0.205909178,1.456217731,1.730491795,1.727606628
01-08-2018,0.5,1.8,68.75,26.36,5.95,0.025342546,0.681904051,1.312577527,1.719965032
01-09-2018,0.53,2.91,65.43,27.08,2.77,-0.570345945,-0.462649939,0.387161395,0.99067209
01-10-2018,0.52,0.99,58.48,26.59,2.1,-1.205241558,-1.264723385,-0.074754345,-0.210461137
01-11-2018,0.32,0.02,51.96,25.85,2.54,-0.081059231,-2.338894624,-0.462440959,-0.151125489
01-12-2018,0.23,0.06,52.59,24.14,2.2,-0.525423258,-1.668578953,-1.394016909,-0.13744863
01-01-2019,0.21,0.23,45.77,22.65,2.24,0.472437142,-0.374264061,-2.243094812,-0.069758843
01-02-2019,0.25,0,38.63,26.74,2.43,-0.147421602,0.038431874,-2.350131451,-0.073124919
01-03-2019,0.15,0.04,29.34,30.78,2.11,-0.743571068,-0.110335118,-1.66818803,-0.364909566
01-04-2019,0.27,1.22,31.81,33.06,2.31,-0.305153582,2.767365791,-6.81224217,-0.359422264
01-05-2019,0.38,0.9,42.02,32.86,3.43,-0.906118336,-1.253790211,-1.427855522,-0.807191095
01-06-2019,0.54,2.44,63.22,28.73,4.74,0.653409411,-0.260131715,-0.44268061,-1.316900877
01-07-2019,0.56,1.35,71.69,26.51,5.69,0.024268534,-0.18787092,-0.487153994,-1.397494893
01-08-2019,0.66,3.98,74.53,26.02,5.54,0.837971275,0.497001641,-0.012788325,-0.887441518
01-09-2019,0.72,6.16,78.61,25.61,3.55,0.533154398,0.533912162,0.244035188,-0.491606149
01-10-2019,0.81,4.35,84.67,24.5,1.89,1.726923635,1.498290778,1.221695911,0.79786292
01-11-2019,0.73,0.26,80.44,23.63,2.11,-0.028211869,1.188861013,1.195011655,0.839242091
01-12-2019,0.63,0.4,75.41,23.04,2.79,1.826950512,1.743252945,1.145707082,1.025639922
01-01-2020,0.38,0,58.08,24.65,2.42,0.704696469,0.396801684,1.324981173,1.135127395
01-02-2020,0.21,0,44.08,26.46,2.72,-0.657875796,1.670914157,1.317493074,1.132725605
01-03-2020,0.17,0.04,34.28,30.35,2.35,-0.384963194,0.076989886,1.513831261,1.077693621
01-04-2020,0.33,1.04,38.32,31.89,2.7,0.009483364,3.393696649,0.251076807,1.088970564
01-05-2020,0.45,2.44,50.94,31.8,2.84,-0.437146841,-0.560080523,-0.11551659,1.11688711
01-06-2020,0.63,3.55,69.29,27.24,4.66,0.6271194,-0.002269214,-0.162443477,1.151623216
01-07-2020,0.74,8.52,77.74,25.69,4.02,1.708614801,1.429532712,1.236260926,1.597487176
01-08-2020,0.78,2.38,81.01,25.33,4.77,0.507509805,1.549965683,1.175118472,1.550536366
01-09-2020,0.83,8.63,83.67,24.74,3.2,1.348749111,1.759733421,1.733056958,2.114900023
01-10-2020,0.87,3.72,84.31,24.31,1.99,0.137285563,1.042592828,1.722946453,1.47630562
01-11-2020,0.77,0.71,83.65,22.86,2.4,0.766315259,1.067634669,1.651023816,1.728112665
01-12-2020,0.66,0.19,76.46,21.51,2.55,0.691048711,0.170297226,1.4196701,1.591642652
01-01-2021,0.61,0.41,68.3,23.1,2.56,2.083310778,0.94707576,1.177017821,1.926683235
01-02-2021,0.42,0.35,50.64,24.16,2.58,0.759824066,2.39496562,1.327303479,2.020430881
01-03-2021,0.23,0,31.36,28.82,2.86,-1.300153433,1.485883345,0.558407479,1.846094991
01-04-2021,0.33,1.31,40.86,31.24,2.31,0.194076355,4.854057858,1.04053736,1.839104853
01-05-2021,0.51,2.19,58.65,29.84,3.44,0.682372398,0.327602941,0.945505744,1.753706881
01-06-2021,0.66,3.99,71.47,26.64,4.73,1.357827199,1.362884017,1.662559643,2.374002715
01-07-2021,0.71,4.48,77.23,25.8,5.2,2.415366186,2.997107692,3.135756269,2.160330527
01-08-2021,0.66,2.15,73.85,26.01,4.09,0.185898167,2.57898076,2.536244869,2.185244557
01-09-2021,0.64,1.48,74.55,25.98,3.75,-0.409025174,1.274295722,1.734457615,1.677178707
01-10-2021,0.69,3.37,78.62,25.44,1.79,0.488557602,-0.071369686,1.872323241,1.919540062
01-11-2021,0.72,3.94,82.52,23.99,2.26,2.368551191,0.996516217,2.133054893,2.767833464
01-12-2021,0.66,0.03,74.9,21.95,2.1,0.651661385,1.896101897,1.615712223,2.744355251
01-01-2022,0.49,0,63.88,23.16,2.27,0.241458895,1.709399919,0.844718609,2.685080652
01-02-2022,0.24,0,46.66,25.92,2.48,-1.130977608,0.399226865,0.989600335,2.638685353
01-03-2022,0.18,0.04,33.42,30.06,2.63,-0.421028479,-0.366090434,1.607014576,2.398257196
01-04-2022,0.31,1.02,39.76,31.94,2.5,-0.768881767,1.816461136,1.623809022,2.30085915
01-05-2022,0.6,3.62,63.76,29.23,3.61,1.391929772,0.665959867,0.478211579,2.036402713
01-06-2022,0.67,4.16,71.76,26.69,4.1,-0.032637487,0.431570314,0.161752059,2.060707473
01-07-2022,0.69,3.86,75.95,25.88,4.84,0.894272708,0.966023779,0.639286217,0.91779168
01-08-2022,0.76,5.36,79.89,25.24,4.24,1.006080234,0.885647319,1.040157172,1.222197561
01-09-2022,0.81,5.15,81.92,24.86,2.98,0.501407571,1.010786132,1.017327654,1.631739763
01-10-2022,0.81,4.32,82.17,23.71,1.98,0.611476044,0.941436893,1.314062965,1.773825095
01-11-2022,0.69,0.27,77.6,22.62,1.94,0.32832834,0.604472575,0.910848265,1.001901621
01-12-2022,0.63,1.08,73.13,23.32,2.38,2.198995619,0.799736431,1.105738565,1.197837239
01-01-2023,0.38,0,56.43,22.91,2.72,-0.464918982,0.595248599,0.982316417,1.279664426
01-02-2023,0.21,0,36.54,26.29,2.5,-1.130977608,1.752115332,0.790218626,1.290381158
01-03-2023,0.2,0.01,35.38,28.57,2.77,-0.200877144,-0.429233763,0.560714739,1.223651382
01-04-2023,0.26,1.36,35.15,31.13,2.28,0.750683729,5.320837567,0.7602068,1.352758751
01-05-2023,0.54,1.28,57.25,30.34,2.48,-0.465366052,-0.095885138,0.26829924,0.959549468
01-06-2023,0.44,1.35,57.76,29.6,5.1,-1.186192981,-0.988378435,-1.163375876,0.741544772
01-07-2023,0.63,4.18,72.5,26.5,6.1,1.950757386,1.052345849,1.023521864,1.19866971
01-08-2023,0.58,0.85,67.1,27.62,4.29,-8.222082216,0.206268355,0.027161078,0.525111137
01-09-2023,0.64,3.16,73.76,26.4,3.7,-1.050482614,0.065305817,-0.452903348,-0.105458268
01-10-2023,0.4,0.01,55.26,28.15,2.51,-2.596037205,-4.295320667,-1.342584356,-1.162393092
01-11-2023,0.53,1.37,68.46,25.96,2.67,1.678937803,-1.582269921,-0.702663877,-0.718060799
01-12-2023,0.36,0,62.83,24.23,2.88,0.375216688,-0.873869837,-0.236302482,-0.939799885
01-01-2024,0.25,0,54.19,25.05,2.71,-0.192959511,1.098814443,-8.222082216,-0.940668563
01-02-2024,0.17,0,41.27,27.3,2.68,-0.740656054,-0.042392082,-1.628853224,-0.950066098
01-03-2024,0.14,0,30.5,31.42,2.57,-1.300153433,-1.16078363,-1.047128006,-0.920537285
01-04-2024,0.2,0.15,31.91,33.37,2.75,-0.38528523,2.24912849,0.96690361,-1.046799155
01-05-2024,0.52,3.77,56.43,31.12,3,1.14338618,0.513409702,0.222775467,-0.541078178
01-06-2024,0.69,4.69,72.11,26.63,5,1.936117275,2.131337487,1.762257865,0.383343342
01-07-2024,0.65,2.09,74.05,26.35,6.6,1.335052464,2.46723461,2.325611731,0.042742904
01-08-2024,0.72,7.88,77.79,26.46,3.57,1.227320715,2.581764435,2.628746688,0.92231894
01-09-2024,0.71,2.54,78.46,25.78,3.56,-0.717094344,0.87780781,1.699599317,1.011282374
01-10-2024,0.77,5.52,81.65,25.36,1.82,0.953969098,0.719098309,2.143765193,2.123274446
01-11-2024,0.67,0.14,76.53,23.77,2.19,0.669048314,0.298089597,1.671861697,1.863262709
01-12-2024,0.59,0.16,74.26,24.31,2.48,2.297600698,1.328619327,1.198535928,2.082506111
01-01-2025,0.33,0,57.2,23.6,2.86,-0.330800006,0.814930448,0.901463694,2.226135901
01-02-2025,0.19,0,38.38,26.74,2.75,-1.130977608,1.857298895,0.537369166,2.248057757
01-03-2025,0.17,0,30.64,29.9,2.55,-0.644750019,-1.158295778,1.028203257,2.056303738
01-04-2025,0.46,1.62,46.15,31.14,2.03,1.119972925,6.001554065,1.065699487,2.211844445
01-05-2025,0.63,5.86,64.1,28.59,3.4,2.624740705,1.910444906,2.214505824,2.150775979
01-06-2025,0.65,2.18,73.01,26.83,5.24,0.911191297,2.499789456,2.127151991,2.254864425
01-07-2025,0.64,3.25,73.54,26.27,5.86,0.631446069,1.901220451,2.022835829,1.52292563
01-08-2025,0.76,5.99,80.45,25.23,3.89,1.432339343,1.53208818,2.554477352,1.667352114
01-09-2025,0.75,4.71,81.83,24.95,3.26,-0.442660053,0.705885635,1.733304996,1.886756639
01-10-2025,0.75,4.79,82.22,24.65,2.41,0.579840846,0.749328301,1.758172676,1.831195067
01-11-2025,0.69,0.06,77.8,22.06,2.16,-0.586678536,-0.158130061,0.798292101,1.722097102
01-12-2025,0.59,0,70.96,20.91,2.35,0.234240317,0.035630809,0.643468954,1.476551666
